{
    "rmse": 0.6689506703787501,
    "mae": 0.5250530354404752,
    "r2": 0.2972478514386101
}